{
  "bruh": [
    0.0,
    0.0,
    0.0,
    -0.03919513380372212,
    -0.29223401693757534,
    0.018199679475312067,
    -0.14272176569422315,
    -0.5597808719585435,
    0.0011968908718597295,
    -0.20762173612958643,
    -0.7877726277477805,
    -0.017188260849172958,
    -0.2066879814983677,
    -0.9776853581082839,
    -0.03756885471780062,
    -0.21836063288246996,
    -0.5320937107443134,
    -0.09211326733194196,
    -0.42084341346855936,
    -0.5381530569330792,
    -0.11282966390431771,
    -0.37614590992276337,
    -0.4726287153261793,
    -0.10564322536555205,
    -0.3082252475663707,
    -0.46495591930680047,
    -0.09899615119253201,
    -0.24128590413527706,
    -0.34700681629950997,
    -0.11367813331337141,
    -0.4366143538773396,
    -0.36532898473578446,
    -0.12514314895071366,
    -0.3791690447229449,
    -0.3093591745892927,
    -0.0976383055555601,
    -0.31041622276830855,
    -0.29880493076055753,
    -0.08437940831493258,
    -0.2598591143291291,
    -0.15878930037183006,
    -0.1270020542490784,
    -0.43495290865632535,
    -0.19436753604262277,
    -0.13010834573334015,
    -0.3714848965004472,
    -0.1545493243563269,
    -0.0843518899997774,
    -0.3030929021664619,
    -0.14344801929628215,
    -0.060873010240285984,
    -0.2702350279797568,
    0.027126161201875748,
    -0.13720942720055396,
    -0.4052476418648661,
    -0.017116104628977027,
    -0.14040555736187096,
    -0.34736505734223516,
    -1.6956455291444863e-05,
    -0.10592112083145666,
    -0.2880341328799223,
    0.006590456856199456,
    -0.0825540476990432
  ],
  "ads begone": [
    0.0,
    0.0,
    0.0,
    0.09808946039673515,
    -0.17284930937833262,
    0.015351028603414831,
    0.13140346365223657,
    -0.35396325364634657,
    0.012300513970329777,
    0.09406390957881634,
    -0.49946189062126517,
    0.004379408122403276,
    0.029290735401807596,
    -0.5578695517485514,
    -4.921992269816911e-05,
    0.1018020168194083,
    -0.4458441928332308,
    -0.01714556882368108,
    0.0764533518436925,
    -0.679922298330473,
    -0.03217806423781764,
    0.058119398844477914,
    -0.6222663412236673,
    -0.035101818471354185,
    0.05724426255823306,
    -0.5385116892944304,
    -0.03193836726272046,
    0.026046110546449192,
    -0.4592951136516216,
    -0.0350820399156675,
    0.015220522487985413,
    -0.7293907847384018,
    -0.0460545248315705,
    0.01200991379957931,
    -0.8807357125994735,
    -0.05068103268848873,
    0.011825298092585397,
    -0.998306772111324,
    -0.05695393824565978,
    -0.05095073898040511,
    -0.43859425944274844,
    -0.048900439497385935,
    -0.060566964790086004,
    -0.6874601896085336,
    -0.056656667766513714,
    -0.05410876339282902,
    -0.6215733854825765,
    -0.035417951942409195,
    -0.05211885567552323,
    -0.5375793267049458,
    -0.01868502391851968,
    -0.11598105102795483,
    -0.38748888768550427,
    -0.06107556380804677,
    -0.11613427597685519,
    -0.5936513632324558,
    -0.05598665581588391,
    -0.09985396344622727,
    -0.5496546854789748,
    -0.021894142734960202,
    -0.09123600179332549,
    -0.4788659005691264,
    0.004783003498674553
  ],
  "jin up": [
    0.0,
    0.0,
    0.0,
    -0.030006634426841032,
    -0.329139724195855,
    -0.009062163372536779,
    -0.09836242928840865,
    -0.5795204608098362,
    -0.031110541663017254,
    -0.12356053246389143,
    -0.8167629990584951,
    -0.0555615800275287,
    -0.0923317238850356,
    -0.992673768442936,
    -0.07793357562512998,
    -0.31986521799337625,
    -0.4701935654583239,
    -0.02766341865423529,
    -0.4498518378872593,
    -0.5193073577938578,
    -0.04607248379236379,
    -0.38491569788761815,
    -0.49053679902597397,
    -0.06299521899519214,
    -0.31829434770889087,
    -0.4594992520134666,
    -0.07240456257464353,
    -0.36228995272592573,
    -0.2667283295487267,
    -0.03400352128158601,
    -0.48520337004165087,
    -0.34745878250680795,
    -0.034025246006367534,
    -0.42121635542849856,
    -0.34322809056068665,
    -0.03145665298404073,
    -0.3526278261715378,
    -0.31256901207468474,
    -0.03270197097300406,
    -0.3730800707227941,
    -0.0772365408799044,
    -0.03908379441201028,
    -0.4745742778335314,
    -0.16978848780408504,
    -0.02916133679883816,
    -0.4187542827031175,
    -0.1765124150203165,
    -0.010683514409152557,
    -0.35723096265782284,
    -0.14652570608675952,
    -0.0028777657683545805,
    -0.3654884577815777,
    0.0831522113133295,
    -0.04609131961023385,
    -0.4353994837323205,
    -0.009044436262582946,
    -0.03275490892509207,
    -0.388492323932102,
    -0.023165702860511467,
    -0.005475064135452896,
    -0.3406161132521106,
    -0.007891885491171091,
    0.014816752862476969
  ],
  "jin f": [
    0.0,
    0.0,
    0.0,
    0.09767039707226462,
    -0.12340920584242498,
    -0.00657387530421538,
    0.16038930033622026,
    -0.30003960770257376,
    -0.023454264280403075,
    0.1527607141361805,
    -0.4732731670219963,
    -0.033944846019611674,
    0.0946758809615851,
    -0.5473654769597962,
    -0.03702915396266944,
    0.10405314849564372,
    -0.39029278750305363,
    -0.09348641795510879,
    0.07674616425922383,
    -0.5922808208921816,
    -0.10681938304962547,
    0.0671686557131447,
    -0.5201390317856259,
    -0.09042096137843443,
    0.06398883827909096,
    -0.43331454126957103,
    -0.07234801117967932,
    0.019005558725495125,
    -0.4001611588762341,
    -0.09892577876163948,
    0.014503179224942984,
    -0.6857735154011002,
    -0.12366755544028521,
    0.014617163516096203,
    -0.8594027612889489,
    -0.1219365496638211,
    0.011461999642318865,
    -0.9927094801194446,
    -0.11998546014072499,
    -0.05777755513404321,
    -0.3911682655537666,
    -0.09459159371875854,
    -0.049699179789409645,
    -0.6059988979606916,
    -0.10951629656625776,
    -0.02931166912403208,
    -0.5532657317720802,
    -0.08511141601460602,
    -0.02282280287512414,
    -0.4759688893597499,
    -0.06368510898922189,
    -0.11488313168000407,
    -0.35683255743056586,
    -0.08893711369176123,
    -0.08717277585013421,
    -0.5239970987881815,
    -0.08252074028390294,
    -0.0669021390453188,
    -0.47847291643330947,
    -0.045767023572234174,
    -0.06057004730689669,
    -0.4152756972118716,
    -0.01700311997682453
  ]
}